{"cameraMode":{"drawMode":0,"name":"Shaded","section":"Shading Mode"},"sceneLighting":true,"audioPlay":false,"sceneViewState":{"m_AlwaysRefresh":false,"showFog":true,"showSkybox":true,"showFlares":true,"showImageEffects":true,"showParticleSystems":true,"showVisualEffectGraphs":true,"m_FxEnabled":true},"in2DMode":false,"pivot":{"x":18.394739151000978,"y":-0.14453017711639405,"z":-5.2210917472839359},"rotation":{"x":0.014174615032970906,"y":0.5411004424095154,"z":-0.009033998474478722,"w":0.8408368229866028},"size":0.8660253882408142,"orthographic":false}