{"cameraMode":{"drawMode":0,"name":"Shaded","section":"Shading Mode"},"sceneLighting":true,"audioPlay":false,"sceneViewState":{"m_AlwaysRefresh":false,"showFog":true,"showSkybox":true,"showFlares":true,"showImageEffects":true,"showParticleSystems":true,"showVisualEffectGraphs":true,"m_FxEnabled":true},"in2DMode":false,"pivot":{"x":5.985980033874512,"y":-13.959037780761719,"z":204.63499450683595},"rotation":{"x":0.05165395513176918,"y":-0.21081796288490296,"z":0.01088657882064581,"w":0.9761938452720642},"size":93.55744934082031,"orthographic":false}