{"cameraMode":{"drawMode":0,"name":"Shaded","section":"Shading Mode"},"sceneLighting":true,"audioPlay":false,"sceneViewState":{"m_AlwaysRefresh":false,"showFog":true,"showSkybox":true,"showFlares":true,"showImageEffects":true,"showParticleSystems":true,"showVisualEffectGraphs":true,"m_FxEnabled":true},"in2DMode":false,"pivot":{"x":468.3273620605469,"y":8.839069366455079,"z":63.905086517333987},"rotation":{"x":-0.004230983089655638,"y":0.7091003060340881,"z":0.003817301942035556,"w":0.7052204608917236},"size":270.1671447753906,"orthographic":false}