{"cameraMode":{"drawMode":0,"name":"Shaded","section":"Shading Mode"},"sceneLighting":true,"audioPlay":false,"sceneViewState":{"m_AlwaysRefresh":false,"showFog":true,"showSkybox":true,"showFlares":true,"showImageEffects":true,"showParticleSystems":true,"showVisualEffectGraphs":true,"m_FxEnabled":true},"in2DMode":false,"pivot":{"x":-1.4366202354431153,"y":1.598464012145996,"z":32.93393325805664},"rotation":{"x":-0.0029582735151052477,"y":0.967839777469635,"z":-0.010396504774689675,"w":-0.2516650855541229},"size":0.576542317867279,"orthographic":false}