{"cameraMode":{"drawMode":0,"name":"Shaded","section":"Shading Mode"},"sceneLighting":true,"audioPlay":false,"sceneViewState":{"m_AlwaysRefresh":false,"showFog":true,"showSkybox":true,"showFlares":true,"showImageEffects":true,"showParticleSystems":true,"showVisualEffectGraphs":true,"m_FxEnabled":true},"in2DMode":false,"pivot":{"x":-120.26742553710938,"y":29.994701385498048,"z":-37.009830474853519},"rotation":{"x":-0.004959500394761562,"y":0.9468963742256165,"z":-0.012902384623885155,"w":-0.32152122259140017},"size":228.37237548828126,"orthographic":false}