{"cameraMode":{"drawMode":0,"name":"Shaded","section":"Shading Mode"},"sceneLighting":true,"audioPlay":false,"sceneViewState":{"m_AlwaysRefresh":false,"showFog":true,"showSkybox":true,"showFlares":true,"showImageEffects":true,"showParticleSystems":true,"showVisualEffectGraphs":true,"m_FxEnabled":true},"in2DMode":false,"pivot":{"x":-6.425685405731201,"y":-0.4179007411003113,"z":-19.722713470458986},"rotation":{"x":0.02069656364619732,"y":0.24087265133857728,"z":-0.005069406237453222,"w":0.9703676700592041},"size":1.0936022996902466,"orthographic":false}