{"cameraMode":{"drawMode":0,"name":"Shaded","section":"Shading Mode"},"sceneLighting":true,"audioPlay":false,"sceneViewState":{"m_AlwaysRefresh":false,"showFog":true,"showSkybox":true,"showFlares":true,"showImageEffects":true,"showParticleSystems":true,"showVisualEffectGraphs":true,"m_FxEnabled":true},"in2DMode":false,"pivot":{"x":904.1614990234375,"y":495.6180419921875,"z":94.04042053222656},"rotation":{"x":0.0061203367076814178,"y":0.9662226438522339,"z":-0.25684887170791628,"w":0.024402795359492303},"size":994.6885986328125,"orthographic":false}