{"cameraMode":{"drawMode":0,"name":"Shaded","section":"Shading Mode"},"sceneLighting":true,"audioPlay":false,"sceneViewState":{"m_AlwaysRefresh":false,"showFog":true,"showSkybox":true,"showFlares":true,"showImageEffects":true,"showParticleSystems":true,"showVisualEffectGraphs":true,"m_FxEnabled":true},"in2DMode":false,"pivot":{"x":26.219104766845704,"y":-2.994771957397461,"z":12.272589683532715},"rotation":{"x":0.0618230439722538,"y":0.21274590492248536,"z":-0.013453075662255288,"w":0.9751154780387878},"size":16.300222396850587,"orthographic":false}