{"cameraMode":{"drawMode":0,"name":"Shaded","section":"Shading Mode"},"sceneLighting":true,"audioPlay":false,"sceneViewState":{"m_AlwaysRefresh":false,"showFog":true,"showSkybox":true,"showFlares":true,"showImageEffects":true,"showParticleSystems":true,"showVisualEffectGraphs":true,"m_FxEnabled":true},"in2DMode":false,"pivot":{"x":33.64257049560547,"y":2.1853220462799074,"z":27.850296020507814},"rotation":{"x":-0.022042037919163705,"y":-0.9668423533439636,"z":0.09053698182106018,"w":-0.23823030292987824},"size":7.85357666015625,"orthographic":false}